elena.muñoz@example.com,cezaZg7D7QsF
gonzalo.delgado@example.com,^%Nq1*yv$44^
antonio.guerrero@example.com,&^GBsCNTgu9%
milagros.gallego@example.com,M&T8Gh!B3h31
alejandro.blanco@example.com,IFBNDaFAJRkY
diego.vidal@example.com,KgUOOdjKyjkU
luis.lópez@example.com,1pKUsp9RZ7gf
lourdes.pérez@example.com,^M7T&IICW9Ra
carmen.moreno@example.com,i62&okF0hZv#
gonzalo.ramírez@example.com,raQg^xND0&db
ricardo.castillo@example.com,qlXJh12@A99d
víctor.lozano@example.com,c%0HoTfQmBLp
emilio.calvo@example.com,8tHWkC9Fpf5v
amparo.díaz@example.com,sIhZEEXDDqHr
enrique.navarro@example.com,GxoczhqYxS4C
maría.vidal@example.com,WgawVoPlFeJi
sofia.delgado@example.com,P$fSYbs2DwkB
carlos.nuñez@example.com,I61xpEMW8c#N
teresa.jiménez@example.com,$s$HYsA!&lUi
enrique.león@example.com,0k@09T2Y@^uS
rafael.garcía@example.com,P$4HNPq6Femx
amparo.hernández@example.com,FtSXjlIiLsir
luis.muñoz@example.com,4U^ro1bxh6$b
manuel.hernández@example.com,%5JpDgLCw&pN
teresa.lozano@example.com,O7h3GiLl9Niw
laura.iglesias@example.com,0b$9dt*%vuM8
elena.nuñez@example.com,b@MfOm8aEB0f
remedios.ortega@example.com,QsJFw9EzA9mz
carlos.hernández@example.com,1Q#mdG6kb2Kg
javier.rodríguez@example.com,UhnxuL!cFgip
milagros.iglesias@example.com,Xw#Pgis*Z$hL
lucía.martín@example.com,BKh6goP!*aEj
diego.garcía@example.com,ckDZZvWLbs&p
manuel.martínez@example.com,*ab%dtjmOU3E
oscar.león@example.com,j4XTXa2*V0Jt
emilio.cortés@example.com,!Z7aX^46fMfR
emilio.morales@example.com,m*Xb9vDNcXSx
isabel.delgado@example.com,f11^C9WI6!$X
amparo.prieto@example.com,cxKq$zD5FIeS
emilio.blanco@example.com,RiBWwU$F0EZC
oscar.moreno@example.com,5F30JPkzoptn
alberto.suárez@example.com,Y^K%DCM$PYEk
carlos.pérez@example.com,lKwog@!#hOfM
lourdes.ortiz@example.com,CJ2%41oWcZW9
mercedes.marín@example.com,EIu&AR0wrx7I
concepción.hernández@example.com,Fg76Qa%aOBP8
pilar.santos@example.com,U*@&Wjuy!dmx
enrique.ortiz@example.com,!#*3LZTcnmq3
amparo.torres@example.com,0phROpjdS849
javier.rodríguez1@example.com,ynT#Cbi2n^mY
cristina.delgado@example.com,rf@KuGbtl&oc
fernando.cortés@example.com,D5Tov771Jv!Z
emilio.álvarez@example.com,E2tI2l*pLD^2
diego.cano@example.com,Pdi7f9$kCk7R
pablo.torres@example.com,4#SjqNWCONV#
juan.martínez@example.com,YhVUF63n3b49
teresa.hernández@example.com,F4i1FmdfhkD!
fernando.gil@example.com,FT0lpcg6Q4Qr
francisco.ramírez@example.com,*Hquwv81Hji%
alberto.méndez@example.com,R^q1*sv@ZOoc
manuel.ramírez@example.com,Mfi4#KZkm7g6
teresa.torres@example.com,89JTQz1mLuP6
milagros.nuñez@example.com,x6C@bjMfDv4q
enrique.méndez@example.com,d9HEp039Py7y
gonzalo.blanco@example.com,rb#xoE5bfmc6
fernando.castillo@example.com,mPbJn!dgt%s@
emilio.méndez@example.com,ZzzqRy8z$0KS
beatriz.navarro@example.com,0r0xE8L2KJze
enrique.muñoz@example.com,khXgjTFrq%WZ
roberto.sanz@example.com,%YanCkO58MI9
sergio.ruiz@example.com,6MWU$5Plfr0S
antonio.gonzález@example.com,kY7LRPQ3N#VX
piedad.delgado@example.com,ATB!@E^mySbT
laura.martínez@example.com,nz&q92JTlgpW
patricia.cortés@example.com,xr0PfdkhM0gx
mercedes.marín1@example.com,Q1dW1&JNM6em
concepción.muñoz@example.com,SL0@BNbe@qb*
alberto.castro@example.com,$vCwuYAzb3T#
piedad.iglesias@example.com,AP*GA2%YIa9m
silvia.martín@example.com,rYQ1L1yFj^Nj
gonzalo.díaz@example.com,30LRxS#a%8qW
victoria.medina@example.com,4Sp6^4^XJS2y
alejandro.muñoz@example.com,yA^tU2F51Gh@
emilio.ortiz@example.com,#RDy3MvJaAOA
gonzalo.morales@example.com,bbVbThL8SIos
carmen.rubio@example.com,zFjGk#1yXQ$M
victoria.nuñez@example.com,XlfR5^UbGL^s
lucía.martín1@example.com,m4DjbyH1bI#b
teresa.lópez@example.com,4&hqkGbJfwQI
teresa.marín@example.com,3cJGCoL1jNAB
sergio.ruiz1@example.com,&mPua5*EF^1B
ricardo.martín@example.com,8X9Cv%jZwyS9
lucía.lópez@example.com,gkckWu4bHPK2
david.calvo@example.com,4cQLfJopC@4&
rosa.gallego@example.com,HJfAZn1aC&dF
patricia.muñoz@example.com,2$V##hH^yX4G
víctor.cruz@example.com,KVx1vOv#hlBb
pablo.marín@example.com,LM*ugt2NZFnl
francisco.gallego@example.com,8pV7Tp7NUZNw
josé.león@example.com,i#YED5LTXngr